id;name;trade_name;tax_id;cnss_id;address;city;postal_code;phone;email;logo_url;tenant_schema;active;trial_end;created_at
1;maîtriser;dans super;adopter gestionnaire;mairie pendant que d;mener proche de;Cergy;pourvu que;0646158493;Juliette.Vincent@gmail.com;rendre dévoiler;du côté de;true;2026-04-08;2026-04-08T09:12:16
2;au point que de manière à ce que;soit coin-coin auparavant;couvrir après-demain;circulaire;à l'exception de direction;La Rochelle;fusiller c;+33 320740134;Germaine41@gmail.com;prout personnel meuh;police parlementaire;false;2026-04-07;2026-04-08T00:07:46
3;mélancolique;oups;ha;extatique bien ferme;sous là-haut dans;Cayenne;clac;+33 347374165;Hilaire96@gmail.com;tout;de manière à ce que bien que;false;2026-04-08;2026-04-08T17:01:44
4;rectorat;en plus de;où au moyen de membr;cacher du moment que;vouloir;Reims;paf à demi;+33 124274242;Prudence.Mercier@yahoo.fr;ding vétuste affranchir;communauté étudiante diététiste;true;2026-04-08;2026-04-08T06:27:40
5;afin que;sous couleur de;turquoise;fourbe;tellement pin-pon sans;Nîmes;atchoum;+33 669195995;Aubry_Hubert@gmail.com;loufoque;retentir cyan alentour;true;2026-04-08;2026-04-08T16:45:52
6;derrière;étant donné que croire secouriste;prestataire de servi;même si euh à traver;drelin moyennant répondre;Le Havre;de;0680600863;Manon70@yahoo.fr;détourner aussi cyan;plouf toutefois collègue;false;2026-04-08;2026-04-08T00:17:37
7;serviable;de manière à ce que consulter dehors;ouille géométrique;calme patientèle;aigre;Clermont-Ferrand;auparavant;0326755173;Arsinoe2@yahoo.fr;jusqu’à ce que timide clientèle;tic-tac;false;2026-04-08;2026-04-08T14:56:46
8;par ouch;broum toc ouah;après que approximat;à la merci lectorat;assez proclamer pendant que;Le Havre;soit bien ;0678765086;Aimee.Rodriguez38@yahoo.fr;dès;bzzz;false;2026-04-08;2026-04-07T21:08:13
9;plutôt grrr;quitte à pschitt plus;promouvoir;sauf à;tchou tchouu;Mulhouse;sans que;+33 348640205;Nathalie_Lecomte86@yahoo.fr;attendre administration;géométrique;true;2026-04-08;2026-04-08T01:42:23
10;solitaire;chier hirsute;engager lectorat;camarade alors que d;autant résonner;Clichy;hôte hypoc;+33 352477329;Childebert87@gmail.com;euh agréable apprivoiser;au point que craquer;false;2026-04-08;2026-04-08T08:06:55
11;lorsque enfermer que;à force de;derechef diminuer hé;aïe cuicui main-d’œu;membre titulaire conseil municipal hier;Boulogne-Billancourt;coac coac ;0214353907;Simon_Chevalier63@gmail.com;inspecter inspirer;au lieu de;true;2026-04-08;2026-04-08T17:42:22
12;hebdomadaire doucement;détester;moderne conseil muni;déjà;avare sur splendide;Argenteuil;alors enve;+33 263077668;Jerome.Fournier16@yahoo.fr;près;à travers;true;2026-04-08;2026-04-08T16:55:49
13;hormis assez;à seule fin de vlan si bien que;bof sous couleur de;ensuite;tant que;Asnières-sur-Seine;hors tsoin;+33 399648042;Perrine_Gonzalez65@hotmail.fr;jusqu’à ce que;près oser;true;2026-04-07;2026-04-08T17:41:51
14;clientèle si bien que jusqu’à ce que;par;adversaire créer;toc-toc personnel;envoyer en dehors de dense;Rouen;hé parfois;0629175719;Come.Aubry29@hotmail.fr;horrible main-d’œuvre;hé euh;false;2026-04-08;2026-04-08T13:41:23
15;enfin adepte au défaut de;tandis que;partenaire;tôt ouille;en dedans de d'après;Tourcoing;entièremen;+33 495139063;Rejean.Martin14@gmail.com;présidence mordre;suffisamment y ennuyer;true;2026-04-07;2026-04-08T18:06:42
16;adversaire à l'égard de;après que smack subito;depuis dessous;charitable;de sorte que au-dessous de;Antony;déduire du;+33 104020650;Pie_Dupuis59@hotmail.fr;ouf regarder;pour que tant;false;2026-04-08;2026-04-07T19:38:10
17;responsable après spécialiste;lancer chier en dépit de;cot cot camarade mem;calme;entre-temps ramener super;Mérignac;élever au ;+33 679610122;Estelle_Cousin@gmail.com;déceler à peine au cas où;neutre;false;2026-04-07;2026-04-08T10:06:44
18;plier miam puisque;pacifique doter;à travers;membre titulaire hor;prétendre diablement à cause de;Bordeaux;vouh contr;0329812540;Anicette_Morel@hotmail.fr;bof diététiste;areu areu;true;2026-04-08;2026-04-07T23:33:09
19;prout quasi diététiste;de peur que;exprès;bang creuser oh;compromettre foule;Cergy;grandement;+33 793294724;Josselin.Roussel@gmail.com;ramper charitable;amorphe;false;2026-04-07;2026-04-08T06:23:41
20;séculaire contester;de façon que défier au-delà;dring également;via;sale;La Rochelle;ainsi claq;0316036129;Normand_Lemaire36@hotmail.fr;jurer de par;de peur que parce que compléter;true;2026-04-08;2026-04-08T01:27:46
21;vorace sitôt que;altruiste responsable;parfois porter;dans orange;incalculable publier ha ha;Saint-Denis;ouille par;+33 102945801;Argine69@yahoo.fr;areu areu zzzz;puisque;false;2026-04-08;2026-04-08T16:20:57
22;smack alors que comment;dring rassurer toc-toc;personnel profession;assimiler quasi;lasser toc propre;Courbevoie;ordonner h;+33 249089037;Jonathan.Leroux@yahoo.fr;aux environs de;tout;false;2026-04-08;2026-04-08T12:08:33
23;vlan;cependant;quant à observer;même si cocorico;ouch lorsque combien;Cayenne;coupable i;0557620870;Anthelmette78@yahoo.fr;outre groin groin athlète;rédaction pendant dater;true;2026-04-08;2026-04-08T12:59:22
24;amorphe;par suite de;par multiple;oh lors;céans membre à vie;Orléans;sous coule;0491504219;Emma_Collet84@hotmail.fr;vide dessus présenter;pff corriger;true;2026-04-08;2026-04-07T19:05:14
25;vraisemblablement tellement spécialiste;en faveur de reproduire en faveur de;jeune;au point que à raiso;membre du personnel assez;Toulouse;aménager;0464318818;Julia43@hotmail.fr;plic assassiner que;malgré glouglou équipe de recherche;true;2026-04-08;2026-04-07T22:10:58
26;sage fidèle;entreprendre assez;collègue rédaction a;gratis antique;du côté de;La Seyne-sur-Mer;ronron men;+33 786490914;Anthelmette1@yahoo.fr;depuis;mince d'entre sous;false;2026-04-08;2026-04-07T19:18:17
27;de façon à ce que vu que cyan;lorsque probablement;oui sincère;assez;ressortir ouah terne;Vénissieux;psitt;0286786526;Azalee38@hotmail.fr;grrr présidence;deçà lâche;false;2026-04-07;2026-04-08T09:38:36
28;d'avec vu que bien que;splendide;triangulaire;doucement à travers;incalculable redouter;Le Mans;conseil mu;+33 780006665;Edith_Renard4@hotmail.fr;pourvu que zzzz;alors que retirer en vérité;true;2026-04-08;2026-04-08T15:52:51
29;lunatique;lâche;équipe;rendre;biathlète même si atchoum;Issy-les-Moulineaux;ça crac ha;0567696717;Edith_Deschamps@yahoo.fr;autrefois;à moins de patientèle sauf à;false;2026-04-08;2026-04-08T15:40:24
30;recta;commissionnaire dense;partenaire dessous;au lieu de;ferme coac coac;Quimper;neutre;0277585821;Noelle.Renault@yahoo.fr;pendant prout;repérer pauvre toc;false;2026-04-08;2026-04-08T16:04:15
