id;matricule;first_name;last_name;first_name_ar;last_name_ar;birth_date;birth_place;gender;marital_status;number_of_children;chef_de_famille;national_id;passport_number;nationality;address;city;personal_email;professional_email;phone_number;cnss_number;category;photo_url;hire_date;trial_end_date;active;notes;created_at;updated_at;company_id;department_id;position_id
1;trop parce que;Agilbert;Roy;tic-tac;à peine citer;2026-03-30;après que hebdomadaire;MALE;WIDOWED;6;false;que plouf alors;ouille;après;fidèle;Tours;corps enseignant vroum timide;naguère;nonobstant ronron at;à côté de après-dema;EMPLOYEE;au-dessous de rose;2026-03-30;2026-03-30;true;../fake-data/blob/hipster.txt;2026-03-31T03:35:33;2026-03-31T01:02:12;1;1;1
2;sans que à moins de ;Azalée;Gaillard;toutefois;violer échouer;2026-03-30;euh jadis gigantesque;FEMALE;DIVORCED;2;false;pour que;toc;où sur là;par subito infime;Drancy;de crainte que;rechercher;quitte à;sortir oups lorsque;EMPLOYEE;incognito;2026-03-31;2026-03-30;false;../fake-data/blob/hipster.txt;2026-03-31T17:29:46;2026-03-30T18:58:46;2;2;2
3;cot cot;Ambre;Schneider;auprès de;apparemment;2026-03-31;franco infime;MALE;DIVORCED;5;true;exercer accumuler ai;jusqu’à ce que;bûcher;offrir en guise de accommoder;Poitiers;ha;à condition que conseil d’administration;bzzz extrêmement;émérite;WORKER;sans que;2026-03-31;2026-03-31;false;../fake-data/blob/hipster.txt;2026-03-31T11:33:33;2026-03-31T14:14:48;3;3;3
4;rédaction orange non;Valérie;Blanc;avant que pacifique premièrement;sale;2026-03-30;entièrement;FEMALE;DIVORCED;2;false;quelque loin;en bas de fourbe;pour que grrr cuicui;trop peu au-dehors;Montreuil;bè;lectorat espiègle à raison de;bâtir si corps ensei;assez d'abord;EMPLOYEE;avant de;2026-03-30;2026-03-31;true;../fake-data/blob/hipster.txt;2026-03-31T15:10:58;2026-03-31T07:13:16;4;4;4
5;ouin;Manassé;Collet;cuicui au-devant;que efficace;2026-03-31;cadre tandis que;FEMALE;DIVORCED;0;false;ha bof;aimable magnifique;à peine concurrence ci;après que d'entre;Le Tampon;totalement prou;projeter vroum;adorable;à moins de vlan;DIRECTOR;à côté de;2026-03-31;2026-03-31;true;../fake-data/blob/hipster.txt;2026-03-30T22:25:57;2026-03-31T07:08:53;5;5;5
6;craquer;Frédéric;Benoit;énorme à même;chasser par rapport à;2026-03-31;pourvu que envers ah;MALE;WIDOWED;10;true;badaboum de ronron;touchant population ;terne;groin groin;Le Mans;tandis que augmenter;dehors si chef;remarquer sur membre;près;TECHNICIAN;brusque beaucoup;2026-03-31;2026-03-31;false;../fake-data/blob/hipster.txt;2026-03-30T22:34:29;2026-03-31T03:07:48;6;6;6
7;croâ bzzz;Melchior;Schmitt;athlète;derrière toucher hystérique;2026-03-31;ouille;FEMALE;DIVORCED;2;false;comme broum;actionnaire placide;oh;contribuer;Reims;relire mouiller;vu que;peu aux environs de ;au-delà que;TECHNICIAN;équiper vlan;2026-03-30;2026-03-31;false;../fake-data/blob/hipster.txt;2026-03-31T06:14:50;2026-03-31T08:43:54;7;7;7
8;quand turquoise;Prudence;Perrin;croître quand;loin de;2026-03-30;pendant que;FEMALE;WIDOWED;4;true;gigantesque;autant assez;dès de sorte que;réaliser cuicui;Le Havre;égoïste super là;vraiment pin-pon;gai à peu près;avant-hier ouah;MANAGER;areu areu après que tchou tchouu;2026-03-31;2026-03-31;false;../fake-data/blob/hipster.txt;2026-03-31T10:41:50;2026-03-30T19:10:03;8;8;8
9;sous au défaut de ve;Valère;Schneider;groin groin de crainte que;proche de patientèle incalculable;2026-03-31;drelin auprès de;MALE;SINGLE;8;false;aboutir vraiment;pour que;souvent conseil d’administration;blablabla;Saint-Maur-des-Fossés;tout à fait personnel professionnel;équipe psitt saigner;sombre lorsque parfo;délégation à partir ;WORKER;simple;2026-03-31;2026-03-31;true;../fake-data/blob/hipster.txt;2026-03-31T02:32:53;2026-03-30T22:45:42;9;9;9
10;quitte à police;Gabin;Caron;infiniment;instituer tellement;2026-03-31;offrir;MALE;WIDOWED;5;false;céans après que;partenaire populatio;vers;lorsque cueillir ouille;Caen;au-devant;ronron;encore électorat éta;devant direction tan;WORKER;grâce à contester blablabla;2026-03-30;2026-03-31;false;../fake-data/blob/hipster.txt;2026-03-31T07:01:15;2026-03-30T19:09:49;10;10;10
