id;document_type;title;description;file_url;file_size;mime_type;uploaded_at;expiry_date;active;employee_id
1;CONTRACT;plouf applaudir;fonctionnaire;ressortir super comme;13885;ha tellement diététiste;2026-04-08T05:11:11;2026-04-08;false;1
2;DISCIPLINARY;administration vroum certainement;étant donné que sauvage parfois;turquoise repérer économiser;11476;quitte à atchoum;2026-04-08T12:22:43;2026-04-08;false;2
3;DIPLOMA;ronron;à l'instar de pschitt d’autant que;miaou quand ? de crainte que;28739;gestionnaire exprès;2026-04-08T12:33:09;2026-04-07;true;3
4;PAYSLIP;de manière à ce que former communauté étudiante;commenter boum puisque;restaurer;8435;du moment que;2026-04-07T19:49:46;2026-04-08;true;4
5;DIPLOMA;ha ha;céans fidèle;concentrer en bas de;12023;sitôt que puis deçà;2026-04-07T20:11:03;2026-04-07;true;5
6;DIPLOMA;électorat;chut restituer;concurrence vorace sur;10019;ensuite alors que provoquer;2026-04-08T10:19:37;2026-04-08;false;6
7;DISCIPLINARY;antique;puisque sauf à filer;approcher bang;21047;sans;2026-04-07T19:23:54;2026-04-08;true;7
8;DIPLOMA;à l'égard de trop peu à raison de;simple;antique hi;21899;parvenir depuis tard;2026-04-07T18:45:53;2026-04-08;false;8
9;DISCIPLINARY;rudement trop peu prout;toujours marron;hé de crainte que tantôt;3077;par suite de croire spécialiste;2026-04-07T21:27:40;2026-04-08;true;9
10;PAYSLIP;fort;incliner;guide presser;227;commissionnaire produire;2026-04-07T23:34:07;2026-04-08;true;10
11;MEDICAL_CERT;emprunter de façon à ce que conseil d’administration;d'entre de façon que;ferme pschitt;4981;afin que en faveur de patientèle;2026-04-08T15:46:41;2026-04-08;true;11
12;MEDICAL_CERT;pour que;splendide collègue;du côté de fort falloir;13709;quasi sympathique;2026-04-07T23:04:49;2026-04-08;true;12
13;MEDICAL_CERT;ensuite hésiter;près de;membre titulaire ha ha;578;au-dehors tchou tchouu;2026-04-08T14:33:08;2026-04-07;true;13
14;DIPLOMA;responsable sur;en plus de ça;présidence fonctionnaire clientèle;10480;derrière;2026-04-07T23:32:36;2026-04-08;false;14
15;ATTESTATION;patientèle sale;avant;durant;9259;conduire;2026-04-07T19:36:37;2026-04-08;true;15
16;MEDICAL_CERT;paf afin de;commis de cuisine sitôt que bzzz;premièrement direction de façon que;13471;plouf;2026-04-07T22:44:25;2026-04-08;true;16
17;PAYSLIP;habituer en outre de;alors priver entamer;loin de en snob;26681;infiniment rose augmenter;2026-04-08T13:02:44;2026-04-08;false;17
18;PAYSLIP;éprouver puisque;visiter à défaut de;y;30185;dense repousser;2026-04-07T20:38:09;2026-04-08;true;18
19;MEDICAL_CERT;par rapport à;patientèle cocorico ici;plic;21812;entraîner au-dessous de serviable;2026-04-08T02:36:19;2026-04-07;true;19
20;ATTESTATION;dater porte-parole;quand intrépide propre;cuicui ordonner si;21077;spécialiste à condition que areu areu;2026-04-07T18:54:41;2026-04-08;false;20
21;DIPLOMA;arrière sombre;foule;divinement où;19503;tsoin-tsoin collègue;2026-04-08T13:28:39;2026-04-08;true;21
22;PAYSLIP;brave;drelin aux environs de;joliment nonobstant conseil d’administration;27978;renverser;2026-04-07T18:46:41;2026-04-08;true;22
23;CIN_COPY;chef horrible de crainte que;au-dehors;admirablement;10990;par suite de vlan;2026-04-08T09:11:05;2026-04-08;true;23
24;MEDICAL_CERT;naguère pisser;hôte;pourvu que auprès de;24328;à côté de;2026-04-07T20:18:31;2026-04-08;true;24
25;DIPLOMA;drelin zzzz;aussitôt que si bien que quasi;cuicui sombre;16326;cocorico tranquille;2026-04-08T02:58:30;2026-04-08;false;25
26;PAYSLIP;moderne;lors de;meuh également sitôt que;23425;d’autant que parer étranger;2026-04-07T23:11:16;2026-04-08;false;26
27;PAYSLIP;ordonner assez orange;mairie à l'instar de;quitte à à défaut de achever;21708;derrière;2026-04-08T16:41:32;2026-04-07;true;27
28;PAYSLIP;abattre;pour considérable;pschitt également ferme;18596;déjà;2026-04-08T01:47:58;2026-04-08;true;28
29;PAYSLIP;afin de propre conserver;tandis que du fait que membre de l’équipe;suivant;17901;à défaut de;2026-04-08T00:24:39;2026-04-07;false;29
30;DISCIPLINARY;pour que;tic-tac;si bien que d'entre;10832;police tic-tac sous;2026-04-08T09:47:54;2026-04-08;true;30
